location,community,nfmembers,membership,ntfp,murumuru,pataua,palmito,wood,sawmill,farinha,pepper,agriculture,acai,passionf,cocoa,cupuacu,fishing,chicken,crab,shrimp,defeso,bverde,bfamilia,pension,other,total,community
Salvaterra,Água Boa,2,1,240,0,0,0,0,0,0,0,0,0,0,0,0,0,0,0,0,0,0,0,8136,0,8376,Salvaterra
Salvaterra,Água Boa,6,1,1450,0,0,0,0,0,0,0,0,0,0,0,0,0,0,0,0,0,0,4224,8136,0,13810,Salvaterra
Salvaterra,Água Boa,5,1,400,0,0,0,0,0,0,0,0,0,0,0,0,3200,0,0,0,2712,0,3600,0,0,9912,Salvaterra
Salvaterra,Água Boa,4,1,448,0,0,0,0,0,0,0,0,0,0,0,0,2000,0,0,0,2712,0,1608,0,0,6320,Salvaterra
Salvaterra,Água Boa,3,0,180,0,0,0,0,0,0,0,0,0,0,0,0,6400,0,0,0,2712,0,2544,0,0,11836,Salvaterra
Salvaterra,Água Boa,6,0,1160,0,0,0,0,0,0,0,0,0,0,0,0,3200,0,0,0,2712,0,5904,0,0,12976,Salvaterra
Salvaterra,Água Boa,1,2,0,0,0,0,0,0,0,0,0,0,0,0,0,0,0,0,0,2712,0,2544,0,1200,6456,Salvaterra
Salvaterra,Boa Vista,3,1,1400,0,0,0,0,0,0,0,0,0,0,0,0,4800,0,0,0,2712,0,0,0,8136,17048,Salvaterra
Salvaterra,Boa Vista,5,0,1800,0,0,0,1800,0,0,0,0,0,0,0,0,600,0,0,0,2712,0,5592,0,1200,13704,Salvaterra
Salvaterra,Camará,2,0,60,0,0,0,0,0,0,0,0,0,0,0,0,0,0,0,0,2712,0,1296,0,2400,6468,Salvaterra
Salvaterra,Camará,5,0,576,0,0,0,0,0,0,0,0,0,0,0,0,0,0,0,0,0,0,4056,0,2400,7032,Salvaterra
Salvaterra,Cururu,3,1,720,0,0,0,0,0,0,0,0,0,0,0,0,0,0,0,0,0,0,3120,0,7200,11040,Salvaterra
Salvaterra,Cururu,5,0,400,0,0,0,0,0,0,0,0,0,0,0,0,0,0,0,0,0,0,2784,0,0,3184,Salvaterra
Salvaterra,Cururu,4,0,316,0,0,0,0,0,0,0,0,0,0,0,0,0,0,0,0,2712,0,3600,0,0,6628,Salvaterra
Salvaterra,Cururu ,6,0,340,0,0,0,0,0,0,0,0,0,0,0,0,0,0,0,0,0,0,4224,0,0,4564,Salvaterra
Salvaterra,Cururuzinho,6,0,250,0,0,0,0,0,0,0,0,0,0,0,0,0,0,0,0,0,0,2928,0,2400,5578,Salvaterra
Salvaterra,Cururuzinho,2,0,275,0,0,0,0,0,0,0,0,0,0,0,0,0,0,0,0,0,0,0,8136,0,8411,Salvaterra
Salvaterra,Cururuzinho,7,0,1000,0,0,0,0,0,0,0,0,0,0,0,0,4800,0,0,0,2712,0,3744,0,4200,16456,Salvaterra
Salvaterra,Cururuzinho,1,2,0,0,0,0,0,0,0,0,0,0,0,0,0,0,0,0,0,0,0,0,8136,0,8136,Salvaterra
Salvaterra,Cururuzinho,8,2,0,0,0,0,0,0,0,0,0,0,0,0,0,6000,0,0,0,2712,0,3672,8688,1500,22572,Salvaterra
Salvaterra,Joannes,5,1,1000,0,0,0,0,0,0,0,0,0,0,0,0,1600,0,0,0,2712,0,3264,0,8400,16976,Salvaterra
Salvaterra,Joannes,4,1,750,0,0,0,0,0,0,0,0,0,0,0,0,1000,0,0,0,2712,0,1296,0,11088,16846,Salvaterra
Salvaterra,Joannes,5,1,260,0,0,0,0,0,0,0,0,0,0,0,0,1800,0,0,0,2712,0,1224,0,1920,7916,Salvaterra
Salvaterra,Joannes,9,1,1000,0,0,0,0,0,0,0,0,0,0,0,0,1920,0,0,0,2712,0,3384,0,0,9016,Salvaterra
Salvaterra,Joannes,2,1,1000,0,0,0,0,0,0,0,0,0,0,0,0,0,0,0,0,0,0,0,8136,24768,24768,Salvaterra
Salvaterra,Joannes,6,1,344,0,0,0,0,0,0,0,0,0,0,0,0,0,0,0,0,2712,0,1296,8688,2160,15200,Salvaterra
Salvaterra,Joannes,6,1,320,0,0,0,0,0,0,0,0,0,0,0,0,1280,0,0,0,2712,0,2400,0,0,6712,Salvaterra
Salvaterra,Joannes,6,1,1040,0,0,0,0,0,0,0,0,0,0,0,0,0,0,0,0,0,0,5064,0,0,6104,Salvaterra
Salvaterra,Joannes,6,1,2000,0,0,0,0,0,0,0,0,0,0,0,0,1600,0,0,0,2712,0,1680,0,8440,16432,Salvaterra
Salvaterra,Joannes,11,0,300,0,0,0,0,0,0,0,0,0,0,0,0,0,0,0,0,2712,0,4632,8688,7740,24072,Salvaterra
Salvaterra,Joannes,3,0,625,0,0,0,0,0,0,0,0,0,0,0,0,6000,0,600,0,2712,0,2544,0,0,12481,Salvaterra
Salvaterra,Joannes,10,0,150,0,0,0,0,0,0,0,0,0,0,0,0,0,0,0,0,0,0,2856,8136,0,11142,Salvaterra
Salvaterra,Joannes,5,0,300,0,0,0,0,0,0,0,0,0,0,0,0,0,0,0,0,2712,0,3384,0,3500,9896,Salvaterra
Salvaterra,Joannes,6,0,240,0,0,0,0,0,0,0,0,0,0,0,0,2000,0,0,0,2712,0,3624,0,0,8576,Salvaterra
Salvaterra,Joannes,4,0,1000,0,0,0,0,0,0,0,0,0,0,0,0,8000,0,0,0,2712,0,2004,0,2400,16116,Salvaterra
Salvaterra,Joannes,2,0,400,0,0,0,0,0,0,0,0,0,0,0,0,0,0,0,0,0,0,0,16320,600,17320,Salvaterra
Salvaterra,Joannes,4,0,1800,0,0,0,0,0,0,0,0,0,0,0,0,0,0,0,0,2712,0,2544,0,0,7056,Salvaterra
Salvaterra,Joannes,4,2,0,0,0,0,0,0,0,0,0,0,0,0,0,3200,0,0,0,2712,0,0,8136,11000,14059,Salvaterra
Salvaterra,Joannes,4,2,0,0,0,0,0,0,0,0,0,0,0,0,0,0,0,0,0,0,0,0,0,9240,9240,Salvaterra
Salvaterra,Joannes,5,2,0,0,0,0,0,0,0,0,0,0,0,0,0,0,0,0,0,0,0,0,0,30000,30000,Salvaterra
Salvaterra,Jobim,6,1,2000,0,0,0,0,0,0,0,0,0,0,0,0,2000,0,1440,0,2712,0,960,0,3000,12112,Salvaterra
Salvaterra,Jobim,6,1,400,0,0,0,0,0,0,0,0,0,0,0,0,1200,0,0,0,2712,0,1632,0,1200,7144,Salvaterra
Salvaterra,Jobim,5,1,1500,0,0,0,0,0,0,0,0,0,0,0,0,1200,0,0,0,2712,0,0,0,0,5412,Salvaterra
Salvaterra,Jobim,4,1,1200,0,0,0,0,0,0,0,0,0,0,0,0,2400,0,0,0,2712,0,0,0,2034,8346,Salvaterra
Salvaterra,Jobim,7,1,0,0,0,0,0,0,0,0,0,0,0,0,0,1800,0,0,0,2712,0,0,8136,0,12648,Salvaterra
Salvaterra,Jobim,4,1,1400,0,0,0,0,0,0,0,0,0,0,0,0,800,0,960,0,2712,0,1752,0,3600,11224,Salvaterra
Salvaterra,Jobim,4,1,800,0,0,0,0,0,0,0,0,0,0,0,0,1600,0,0,0,0,0,0,8136,0,10536,Salvaterra
Salvaterra,Jobim,4,1,160,0,0,0,0,0,0,0,0,0,0,0,0,1600,0,0,0,2712,0,840,0,0,5312,Salvaterra
Salvaterra,Jobim,5,1,1080,0,0,0,0,0,0,0,0,0,0,0,0,3200,0,0,0,2712,0,3000,0,240,10232,Salvaterra
Salvaterra,Jobim,3,1,2000,0,0,0,0,0,0,0,0,0,0,0,0,0,0,0,0,0,0,1560,0,13200,16760,Salvaterra
Salvaterra,Jobim,4,1,1664,0,0,0,0,0,0,0,0,0,0,0,0,0,0,0,0,2712,0,1752,8688,2400,17216,Salvaterra
Salvaterra,Jobim,5,0,720,0,0,0,600,0,0,0,0,0,0,0,0,0,0,0,0,0,0,0,17376,1200,19896,Salvaterra
Salvaterra,Jobim,7,0,600,0,0,0,0,0,0,0,0,0,0,0,0,800,0,0,0,2712,0,2544,0,360,7016,Salvaterra
Salvaterra,Jobim,5,0,90,0,0,0,0,0,0,0,0,0,0,0,0,0,0,0,0,0,0,1920,0,4800,6810,Salvaterra
Salvaterra,Jobim,5,0,500,0,0,0,0,0,0,0,0,0,0,0,0,3200,0,0,0,2712,0,2376,0,0,8788,Salvaterra
Salvaterra,Jobim,2,0,700,0,0,0,840,0,0,0,0,0,0,0,0,0,0,0,0,0,0,0,8136,960,10636,Salvaterra
Salvaterra,Jobim,5,2,0,0,0,0,0,0,0,0,0,0,0,0,0,7200,0,0,0,2712,0,2040,0,10488,22440,Salvaterra
Salvaterra,Jobim,5,2,0,0,0,0,0,0,0,0,0,0,0,0,0,3000,0,0,0,2712,0,1296,0,400,7408,Salvaterra
Salvaterra,Jobim,4,2,0,0,0,0,0,0,0,0,0,0,0,0,0,4800,0,0,0,2712,0,2040,0,800,10352,Salvaterra
Salvaterra,Marizal,4,0,1200,0,0,0,0,0,0,0,0,0,0,0,0,0,0,0,0,0,0,2760,0,0,3960,Salvaterra
Salvaterra,Marizal,2,0,760,0,0,0,0,0,0,0,0,0,0,0,0,0,0,0,0,0,0,0,8160,1200,10120,Salvaterra
Salvaterra,São Benedito,4,0,2500,0,0,0,0,0,0,0,0,0,0,0,0,2000,0,0,0,2712,0,3288,0,0,10500,Salvaterra
Salvaterra,São Benedito,3,0,2000,0,0,0,0,0,0,0,0,0,0,0,0,3200,0,0,0,2712,0,0,0,0,7912,Salvaterra
Salvaterra,Vila Ceará,3,1,1940,0,0,0,0,0,0,0,0,0,0,0,0,0,0,0,0,0,0,1200,0,1080,4220,Salvaterra
Salvaterra,Vila Ceará,3,1,2940,0,0,0,0,0,0,0,0,0,0,0,0,0,0,0,0,0,0,0,0,7000,9940,Salvaterra
Salvaterra,Vila Ceará,5,0,3200,0,0,0,0,0,0,0,0,0,0,0,0,3200,0,0,0,2712,0,840,0,3000,12952,Salvaterra
Salvaterra,,4,1,300,0,0,0,0,0,0,0,0,0,0,0,0,0,0,0,0,0,0,0,8136,8136,16572,Salvaterra
Salvaterra,,5,1,1400,0,0,0,0,0,0,0,0,0,0,0,0,0,0,0,0,0,0,2544,16272,600,20816,Salvaterra
Salvaterra,,2,1,1400,0,0,0,0,0,0,0,0,0,0,0,0,0,0,0,0,0,0,840,8136,0,10376,Salvaterra
Salvaterra,,8,1,1600,0,0,0,0,0,0,0,0,0,0,0,0,0,0,0,0,0,0,0,8136,0,9736,Salvaterra
Salvaterra,,5,1,4000,0,0,0,0,0,0,0,0,0,0,0,0,0,0,0,0,0,0,1200,8136,30000,43336,Salvaterra
Salvaterra,,2,1,800,0,0,0,0,0,0,0,0,0,0,0,0,6400,0,0,0,2712,0,0,0,6600,16512,Salvaterra
Salvaterra,,4,0,800,0,0,0,0,0,0,0,0,0,0,0,0,1600,0,0,0,0,0,2400,0,4320,9120,Salvaterra
Salvaterra,,4,0,200,0,0,0,0,0,0,0,0,0,0,0,0,4000,0,0,0,2712,0,0,0,7500,14412,Salvaterra
Salvaterra,,8,0,1200,0,0,0,1800,0,0,0,0,0,0,0,0,720,0,600,0,2712,0,3024,0,0,10056,Salvaterra
Salvaterra,,6,0,2000,0,0,0,0,0,0,0,0,0,0,0,0,3200,0,0,0,2712,0,1080,0,0,8992,Salvaterra
Salvaterra,,6,0,1200,0,0,0,0,0,0,0,0,0,0,0,0,3200,0,600,0,2712,0,0,8160,0,15872,Salvaterra
Salvaterra,,6,0,960,0,0,0,0,0,0,0,0,0,0,0,0,0,0,0,0,2712,0,3384,0,8136,15192,Salvaterra
Salvaterra,,4,0,540,0,0,0,0,0,0,0,0,0,0,0,0,0,0,0,0,0,0,3384,8136,1200,13260,Salvaterra
Salvaterra,,5,0,1000,0,0,0,0,0,0,0,0,0,0,0,0,4800,0,0,0,2712,0,2520,0,0,11032,Salvaterra
Salvaterra,,6,2,0,0,0,0,0,0,0,0,0,0,0,0,0,0,0,0,0,0,0,1032,8136,8136,17304,Salvaterra
Salvaterra,,12,2,0,0,0,0,0,0,0,0,0,0,0,0,0,800,0,0,0,0,0,1032,0,11764,13596,Salvaterra
Salvaterra,,4,2,0,0,0,0,0,0,0,0,0,0,0,0,0,0,0,0,0,0,0,0,16272,0,16272,Salvaterra
Salvaterra,,6,2,0,0,0,0,0,0,0,0,0,0,0,0,0,2500,0,0,0,2712,0,0,0,2400,7612,Salvaterra
Bragança,Montenegro,6,1,0,0,0,0,432,0,5760,0,4300,0,0,0,0,0,0,0,0,0,0,2472,0,0,12964,Bragança
Bragança,Montenegro,5,1,0,0,0,0,0,0,1920,0,300,0,0,0,0,0,0,0,0,0,0,2448,0,12000,16668,Bragança
Bragança,Cearazinho,5,1,1908,0,0,0,0,0,2400,0,0,0,0,0,0,0,0,0,0,0,0,2064,0,0,6372,Bragança
Bragança, Cearazinho,8,1,6000,0,0,0,0,0,8688,0,0,0,0,0,0,0,0,0,0,0,0,3144,0,0,17832,Bragança
Bragança,Monte Alegre,3,1,0,0,0,0,0,0,1740,0,1200,0,0,0,0,0,0,0,0,0,0,1248,0,0,4188,Bragança
Bragança,Monte Alegre,4,1,0,0,0,0,0,0,9000,0,0,0,0,0,0,0,18120,0,0,0,0,1224,8688,0,37032,Bragança
Bragança,Monte Alegre,5,1,0,0,0,0,0,0,0,0,0,0,0,0,0,0,3200,0,0,0,0,1224,26064,0,30488,Bragança
Bragança,Monte Alegre,4,1,0,0,0,0,0,0,1600,0,0,0,0,0,0,0,4800,0,0,0,0,0,16800,0,23200,Bragança
Bragança,Monte Alegre,6,1,0,0,0,0,0,0,5760,0,1200,0,0,0,0,0,0,0,0,0,0,0,8640,0,15600,Bragança
Bragança,Monte Alegre,2,2,0,0,0,0,0,0,0,0,1200,0,0,0,0,0,3600,0,0,0,0,0,0,0,4800,Bragança
Bragança,Monte Alegre,6,1,0,0,0,0,0,0,3640,0,0,724,0,0,0,0,1000,0,0,0,0,206,0,0,5570,Bragança
Bragança,Urupiúna,3,1,1600,0,0,0,0,0,3600,0,4000,0,0,0,0,0,0,0,0,0,0,1224,0,0,10424,Bragança
Bragança,Tauarí,2,1,5400,0,0,0,0,0,3000,0,1000,0,0,0,0,0,1200,0,0,0,0,0,0,17376,27976,Bragança
Bragança,Nossa Senhora do Carmo,2,1,1500,0,0,0,0,0,120000,0,0,0,0,0,0,0,6912,0,0,0,0,0,0,8688,137100,Bragança
Bragança,São Raimundo,3,1,0,0,0,0,0,0,27000,0,3040,0,0,0,0,0,0,0,0,0,0,1344,8688,0,40072,Bragança
Bragança,Urupiúna,6,1,5000,0,0,0,0,0,2000,0,0,3000,0,0,0,0,24000,0,0,0,0,112,0,0,34112,Bragança
Bragança,Montenegro,5,1,1600,0,0,0,0,0,0,0,8688,0,0,0,0,0,0,0,0,0,0,0,724,0,11012,Bragança
Bragança,Tauarí,5,1,5300,0,0,0,0,0,42240,0,600,0,0,0,0,0,0,0,0,0,0,223,0,130,48493,Bragança
Bragança,Urupiúna,4,1,0,0,0,0,0,0,10200,0,0,0,0,0,0,0,0,0,0,0,0,2400,0,0,12600,Bragança
Bragança,Urupiúna,3,1,1200,0,0,0,0,0,0,0,3000,0,0,0,0,0,3000,0,0,0,0,0,0,8688,15888,Bragança
Bragança,Jararáca,7,1,100,0,0,0,2400,0,6000,0,0,0,0,0,0,0,2400,0,0,0,0,3000,0,1600,15500,Bragança
Bragança,Alto Paraíso,10,1,0,0,0,0,0,0,3000,0,0,0,0,0,0,0,0,0,0,0,0,2880,16800,13200,35880,Bragança
Bragança,Cearazinho,3,1,600,0,0,0,0,0,1800,0,0,0,0,0,0,0,0,0,0,0,0,1224,0,0,3624,Bragança
Bragança,Urupiúna,3,1,1400,0,0,0,0,0,0,0,25980,0,0,0,0,0,12750,0,0,0,0,2136,0,0,42266,Bragança
Bragança,Tauarí,8,1,1056,0,0,0,0,0,4800,0,6000,0,0,0,0,0,0,0,0,0,0,2640,30288,0,44784,Bragança
Bragança,Alto do Majó,1,1,5280,0,0,0,0,0,0,0,3000,0,0,0,0,0,2400,0,0,0,0,0,8400,22320,41400,Bragança
Bragança,Tauarí,3,1,750,0,0,0,16800,0,4800,0,9000,0,0,0,0,0,0,0,0,0,0,0,0,2400,33750,Bragança
Bragança,Tauarí,7,1,525,0,0,0,0,0,36000,0,0,0,0,0,0,0,20000,0,0,0,0,0,0,9960,66485,Bragança
Bragança,Urupiúna,6,1,4800,0,0,0,0,0,4800,0,4800,0,0,0,0,0,1200,0,0,0,0,3540,0,0,19140,Bragança
Bragança,Urupiúna,3,1,2400,0,0,0,0,0,0,0,3000,0,0,0,0,0,2000,0,0,0,0,1224,0,0,8624,Bragança
Bragança,Urupiúna,4,1,540,0,0,0,0,0,0,0,5600,0,0,0,0,0,1400,0,0,0,0,1608,0,0,9148,Bragança
Bragança,Urupiúna,4,1,13350,0,0,0,0,0,1800,0,0,0,0,0,0,0,1500,0,0,0,0,0,0,8400,25050,Bragança
Bragança,Santo Antônio dos Soares,5,1,4400,0,0,0,0,0,44400,0,900,0,0,0,0,0,0,0,0,0,0,1920,0,6240,57860,Bragança
Bragança,Montenegro,8,1,1845,0,0,0,0,0,42300,0,13055,0,0,0,0,0,11505,0,0,0,0,0,0,17808,86513,Bragança
Bragança,Tauarí,5,1,0,0,0,0,0,0,9000,0,0,0,0,0,0,0,1100,0,0,0,0,0,0,13000,23100,Bragança
Bragança,São Raimundo,1,1,600,0,0,0,0,0,0,0,0,0,0,0,0,0,0,0,0,0,0,0,8688,7500,16788,Bragança
Bragança,São Raimundo,4,1,1448,0,0,0,0,0,252000,0,8904,0,0,0,0,0,0,0,0,0,0,0,0,9904,272256,Bragança
Bragança,Montenegro,9,1,0,0,0,0,0,0,52000,0,0,0,0,0,0,0,0,0,0,0,0,1680,0,22260,75940,Bragança
Bragança,Santo Antônio dos Monteiros,5,1,1800,0,0,0,0,0,96000,0,36300,0,0,0,0,0,1000,0,0,0,0,0,0,37400,172500,Bragança
Bragança,Boa Vista,6,1,0,0,0,0,0,0,0,0,0,0,0,0,0,0,0,0,0,0,0,0,0,0,0,Bragança
Bragança,,6,1,6400,0,0,0,0,0,0,0,14900,0,0,0,0,0,16000,0,0,0,0,8688,0,0,45988,Bragança
Bragança,Montenegro,8,0,90,0,0,0,0,0,5400,0,0,0,0,0,0,0,0,0,0,0,0,4680,0,0,10170,Bragança
Bragança,Tauarí,4,0,500,0,0,0,0,0,2400,0,0,0,0,0,0,0,0,0,0,0,0,1560,0,0,4460,Bragança
Bragança,Cearazinho,1,0,1200,0,0,0,0,0,0,0,0,3000,0,0,0,0,3600,0,0,0,0,0,0,7200,15000,Bragança
Bragança,Tauarí,4,0,2000,0,0,0,0,0,7200,0,0,0,0,0,0,0,0,0,0,0,0,100,8688,1800,19788,Bragança
Bragança,São Raimundo,3,0,1200,0,0,0,0,0,31500,0,0,0,0,0,0,0,0,0,0,0,0,0,0,21600,54300,Bragança
Bragança,Cearazinho,9,0,5000,0,0,0,600,0,0,0,0,0,0,0,0,0,0,0,0,0,0,0,0,13008,18608,Bragança
Bragança,Santo Antônio dos Soares,7,0,1000,0,0,0,200,0,4000,0,0,0,0,0,0,0,0,0,0,0,0,2280,0,20928,28408,Bragança
Bragança,Vila Boa Esperança,2,0,360,0,0,0,0,0,18000,0,0,0,0,0,0,0,0,0,0,0,0,0,8688,0,27048,Bragança
Bragança,Vila Boa Esperança,4,0,1350,0,0,0,0,0,12250,0,5870,0,0,0,0,0,0,0,0,0,0,6780,0,0,26250,Bragança
Bragança,Bacuriteua,6,0,4500,0,0,0,0,0,0,0,12000,0,0,0,0,0,24000,0,0,0,0,4224,0,7696,52420,Bragança
Bragança,Imaculada Conceição,6,0,1500,0,0,0,0,0,2160,0,3000,0,0,0,0,0,12000,0,0,0,0,3864,0,5000,27524,Bragança
Bragança,Tauarí,6,0,480,0,0,0,144,0,3600,0,2700,0,0,0,0,0,960,0,0,0,0,1920,0,200,10004,Bragança
Bragança,São Raimundo,1,0,4800,0,0,0,0,0,21000,0,4520,0,0,0,0,0,300,0,0,0,0,0,0,22776,53396,Bragança
Bragança,Montenegro,4,0,200,0,0,0,0,0,15000,0,2600,0,0,0,0,0,0,0,0,0,0,8688,0,2600,29088,Bragança
Bragança,Cearazinho,9,0,2300,0,0,0,0,0,3000,0,2000,0,0,0,0,0,0,0,0,0,0,3168,0,300,10768,Bragança
Bragança,Cearazinho,7,0,270,0,0,0,0,0,6000,0,0,0,0,0,0,0,0,0,0,0,0,8688,0,0,14958,Bragança
Bragança,Montenegro,4,2,0,0,0,0,0,0,1800,0,0,0,0,0,0,0,0,0,0,0,0,0,0,8688,10488,Bragança
Bragança,Santo Antônio Soares,3,2,0,0,0,0,0,0,12000,0,0,0,0,0,0,0,0,0,0,0,0,0,17376,0,29376,Bragança
Bragança,São Raimundo,5,2,0,0,0,0,0,0,33000,0,0,0,0,0,0,0,0,0,0,0,0,1992,0,8688,43680,Bragança
Bragança,Tauarí,3,2,0,0,0,0,0,0,8640,0,0,0,0,0,0,0,0,0,0,0,0,1296,0,0,9936,Bragança
Bragança,Montenegro,4,2,0,0,0,0,0,0,4800,0,2500,0,0,0,0,0,6000,0,0,0,0,0,17376,0,30676,Bragança
Bragança,Santo Antônio dos Monteiros,5,2,0,0,0,0,0,0,0,0,18000,0,0,0,0,0,0,0,0,0,0,0,0,8688,26688,Bragança
Bragança,Arraial,6,2,0,0,0,0,0,0,2700,0,0,0,0,0,0,0,0,0,0,0,0,2640,8688,0,14028,Bragança
Bragança,São Raimundo,8,2,0,0,0,0,0,0,3300,0,8450,0,0,0,0,0,0,0,0,0,0,4200,0,0,15950,Bragança
Bragança,Jararáca,1,2,0,0,0,0,0,0,0,0,0,0,0,0,0,0,0,0,0,0,0,0,0,7200,7200,Bragança
Bragança,Chaú,3,2,0,0,0,0,0,0,16000,0,0,0,0,0,0,0,0,0,0,0,0,0,0,0,16000,Bragança
Bragança,Tauarí,3,2,0,0,0,0,0,0,6600,0,800,0,0,0,0,0,0,0,0,0,0,1200,0,0,8600,Bragança
Bragança,Santo Antônio dos Monteiros,4,2,0,0,0,0,0,0,3200,0,0,0,0,0,0,0,0,0,0,0,0,1608,0,8688,13496,Bragança
Bragança,Santo Antônio dos Monteiros,3,2,0,0,0,0,0,0,13440,0,0,0,0,0,0,0,0,0,0,0,0,1608,17376,8688,41112,Bragança
Bragança,Chaú,7,2,0,0,0,0,300,0,32000,0,0,0,0,0,0,0,0,0,0,0,0,0,0,30000,62300,Bragança
Bragança,Jararáca,4,2,0,0,0,0,2200,0,6000,0,0,0,0,0,0,0,0,0,0,0,0,2424,0,8400,19024,Bragança
Bragança,São Francisco dos Gonzagas,4,2,0,0,0,0,0,0,82500,0,6400,0,0,0,0,0,0,0,0,0,0,0,20400,0,109300,Bragança
Bragança,São Raimundo,7,2,0,0,0,0,0,0,19200,0,0,0,0,0,0,0,0,0,0,0,0,2760,0,0,21960,Bragança
Bragança,Cearazinho,3,2,0,0,0,0,0,0,8400,0,0,0,0,0,0,0,0,0,0,0,0,0,0,17376,25776,Bragança
Bragança,Montenegro,6,2,0,0,0,0,0,0,6240,0,6240,0,0,0,0,0,0,0,0,0,0,0,17376,2520,32376,Bragança
Bragança,Acarajó,5,2,0,0,0,0,0,0,8000,0,8000,0,0,0,0,0,8000,0,0,0,0,0,0,7200,31200,Bragança
Bragança,Cearazinho,4,2,0,0,0,0,0,0,2700,0,2700,0,0,0,0,0,0,0,0,0,0,1608,0,9300,16308,Bragança
Bragança,Santo Antônio dos Soares,5,2,0,0,0,0,0,0,1280,0,2000,400,0,0,0,0,0,0,0,0,0,0,0,9636,13316,Bragança
Bragança,Santo Antônio dos Monteiros,7,2,0,0,0,0,0,0,4000,0,2000,0,0,0,0,0,0,0,0,0,0,0,10800,14400,31200,Bragança
Bragança,Jararáca,6,2,0,0,0,0,0,0,2040,0,0,0,0,0,0,0,0,0,0,0,0,1200,0,0,3240,Bragança
Bragança,Santo Antônio dos Soares,5,2,0,0,0,0,0,0,25200,0,0,0,0,0,0,0,0,0,0,0,0,0,17376,3255,45831,Bragança
Bragança,Jararáca,1,2,0,0,0,0,0,0,500,0,0,0,0,0,0,0,0,0,0,0,0,0,0,8688,9188,Bragança
Bragança,Tauarí,5,2,0,0,0,0,0,0,1800,0,0,0,0,0,0,0,0,0,0,0,0,3024,0,1752,6576,Bragança
Bragança,Chaú,8,2,0,0,0,0,0,0,5760,0,0,0,0,0,0,0,0,0,0,0,0,0,0,0,5760,Bragança
Bragança,Jararáca,4,2,0,0,0,0,0,0,2500,0,600,0,0,0,0,0,0,0,0,0,0,8688,0,0,11788,Bragança
Bragança,Montenegro,12,2,0,0,0,0,0,0,24000,0,0,0,0,0,0,0,0,0,0,0,0,1224,8688,0,33912,Bragança
Augusto Corrêa,Açaízal,3,2,0,0,0,0,0,0,3000,0,17000,3000,0,0,0,0,0,0,0,0,0,0,17376,0,40376,Augusto Corrêa
Augusto Corrêa,Açaízal,6,2,0,0,0,0,0,0,2000,0,0,0,0,0,0,0,0,0,0,0,0,1680,0,0,3680,Augusto Corrêa
Augusto Corrêa,Açaízal,2,2,0,0,0,0,0,0,0,0,0,0,0,0,0,0,0,0,0,0,0,1200,8688,0,9888,Augusto Corrêa
Augusto Corrêa,Açaízal,4,2,0,0,0,0,0,0,0,0,9600,0,0,0,0,0,0,0,0,0,0,0,14400,0,24000,Augusto Corrêa
Augusto Corrêa,Açaízal,3,2,0,0,0,0,0,0,5000,0,2200,0,0,0,0,0,0,0,0,0,0,0,0,20688,27888,Augusto Corrêa
Augusto Corrêa,Açaízal,6,2,0,0,0,0,0,0,6480,0,0,0,0,0,0,0,0,0,0,0,0,0,0,720,7200,Augusto Corrêa
Augusto Corrêa,Açaízal,7,2,0,0,0,0,0,0,0,0,0,0,0,0,0,0,0,0,0,0,0,2268,8688,8688,19644,Augusto Corrêa
Augusto Corrêa,Açaízal,8,2,0,0,0,0,0,0,8800,0,0,0,0,0,0,0,0,0,0,0,0,3624,0,600,13024,Augusto Corrêa
Augusto Corrêa,Açaízal,5,1,1800,0,0,0,0,0,1020,0,0,0,0,0,0,0,0,0,0,0,0,1608,8688,0,13116,Augusto Corrêa
Augusto Corrêa,Açaízal,4,1,16960,0,0,0,0,0,0,0,960,0,0,0,0,0,0,0,0,0,0,0,0,8688,26608,Augusto Corrêa
Augusto Corrêa,Açaízal,4,2,0,0,0,0,0,0,0,0,2400,0,0,0,0,0,0,0,0,0,0,1680,0,0,4080,Augusto Corrêa
Augusto Corrêa,Açaízal,6,0,200,0,0,0,0,0,5280,0,0,0,0,0,0,0,0,0,0,0,0,280,0,3000,8760,Augusto Corrêa
Augusto Corrêa,Açaízal,9,0,582,0,0,0,0,0,4320,0,0,4800,0,0,0,0,0,0,0,0,0,2760,0,0,12462,Augusto Corrêa
Augusto Corrêa,Açaízal,5,1,11700,0,0,0,0,0,6000,0,1000,0,0,0,0,0,0,0,0,0,0,1920,0,10400,31020,Augusto Corrêa
Augusto Corrêa,Açaízal,3,1,0,0,0,0,0,0,3000,0,700,0,0,0,0,0,0,0,0,0,0,112,0,0,3812,Augusto Corrêa
Augusto Corrêa,Açaízal,7,1,4800,0,0,0,0,0,1400,0,2400,3000,0,0,0,0,0,0,0,0,0,4104,0,0,15704,Augusto Corrêa
Augusto Corrêa,Açaízal,5,1,1800,0,0,0,0,0,7200,0,3600,0,0,0,0,0,0,0,0,0,0,1080,0,0,13680,Augusto Corrêa
Augusto Corrêa,Açaízal,8,1,3000,0,0,0,0,0,1000,0,12000,5000,0,0,0,0,0,0,0,0,0,2400,0,0,23400,Augusto Corrêa
Augusto Corrêa,Açaízal,5,2,0,0,0,0,0,0,2400,0,0,0,0,0,0,0,0,0,0,0,0,1920,0,0,4320,Augusto Corrêa
Furo do Gil,Santa Rita,5,1,560,0,0,0,0,0,0,0,0,24000,0,0,0,0,0,0,0,0,0,0,0,0,24560,Furo do Gil
Furo do Gil,Furo do Gil,5,1,540,0,0,0,0,0,0,0,0,640,0,0,0,0,0,0,0,2896,1200,2832,0,0,8108,Furo do Gil
Furo do Gil,Furo do Gil,5,1,60,0,0,0,0,0,0,0,0,240,0,0,0,0,0,0,0,0,0,384,17376,500,18560,Furo do Gil
Furo do Gil,Rio Cearence,4,1,1100,0,0,0,0,0,0,0,0,0,0,0,0,0,0,0,1080,2896,0,1608,0,0,6684,Furo do Gil
Furo do Gil,Rio Cearence,6,1,560,0,0,0,4000,0,0,0,200,2400,0,0,0,0,0,0,300,2896,1200,2064,0,0,13620,Furo do Gil
Furo do Gil,Tambaqui,8,1,3840,0,0,0,600,0,0,0,0,0,0,0,0,0,0,0,0,0,0,2856,0,0,7296,Furo do Gil
Furo do Gil,Furo Grande,6,1,80,0,0,0,1200,0,0,0,0,0,0,0,0,0,0,0,360,0,1200,2376,0,0,5216,Furo do Gil
Furo do Gil,Furo Grande,7,1,880,0,0,0,0,0,0,0,0,9000,0,0,0,0,0,0,900,2896,1200,3552,0,0,18428,Furo do Gil
Furo do Gil,Rio Cearence,6,1,260,0,0,0,1600,0,0,0,0,900,0,0,0,0,0,0,1400,5792,1200,1824,0,0,12976,Furo do Gil
Furo do Gil,Furo Grande,8,1,616,0,0,0,0,0,0,0,0,0,0,0,0,0,0,0,0,2896,1200,4080,0,0,8792,Furo do Gil
Furo do Gil,Furo do Gil,8,1,435,0,0,0,0,300,0,0,0,600,0,0,0,0,0,0,0,0,1200,3168,8688,0,14391,Furo do Gil
Furo do Gil,Cantagalo,3,1,736,0,0,0,0,0,0,0,0,4608,0,0,0,0,0,0,3276,0,1200,1344,0,0,11164,Furo do Gil
Furo do Gil,Rio Cearence,3,1,1188,0,0,0,4800,0,0,0,0,1920,0,0,0,0,0,0,2520,2896,1200,1680,0,3600,19804,Furo do Gil
Furo do Gil,Furo Grande,11,1,120,0,0,0,4320,0,0,0,0,225,0,0,0,0,0,0,300,0,0,1680,0,0,6645,Furo do Gil
Furo do Gil,Cantagalo,5,1,245,0,0,0,0,0,0,0,0,0,0,0,0,0,0,0,4600,2896,1200,2268,0,0,11209,Furo do Gil
Furo do Gil,Cantagalo,4,1,155,0,0,0,3600,0,0,0,0,600,0,0,0,0,0,0,450,0,0,0,8688,8400,21893,Furo do Gil
Furo do Gil,Furo Grande,4,1,120,0,0,0,0,0,0,0,0,4032,0,0,0,0,0,0,0,0,0,1560,0,0,5712,Furo do Gil
Furo do Gil,Furo Grande,6,1,390,0,0,0,6000,0,0,0,0,0,0,0,0,0,0,0,2592,0,1200,3024,0,0,13206,Furo do Gil
Furo do Gil,Furo do Gil,11,1,1048,0,0,0,0,0,0,0,0,9600,0,0,0,0,0,0,0,0,0,5400,0,0,16048,Furo do Gil
Furo do Gil,Tambaqui,4,1,1200,0,0,0,18000,600,0,0,0,0,0,0,0,0,0,0,0,2896,0,1608,0,0,24304,Furo do Gil
Furo do Gil,Cantagalo,5,1,115,0,0,0,0,0,0,0,0,240,0,0,0,0,0,0,0,2896,0,1608,8688,0,13547,Furo do Gil
Furo do Gil,Furo do Gil,6,1,875,0,0,0,0,0,0,0,0,3600,0,0,0,0,0,0,0,0,1200,3504,0,5680,14859,Furo do Gil
Furo do Gil,Furo do Gil,7,1,1320,0,0,0,2400,0,0,0,0,6720,0,0,0,0,0,0,0,2896,1200,4128,0,1800,20464,Furo do Gil
Furo do Gil,Cantagalo,11,1,240,0,0,0,0,0,0,0,75,18000,0,0,0,0,0,0,0,2896,1200,2184,0,1800,26395,Furo do Gil
Furo do Gil,Cantagalo,9,1,3060,0,0,0,0,0,0,0,1750,7500,0,0,0,0,0,0,2750,0,1200,0,8688,0,24948,Furo do Gil
Furo do Gil,Tambaqui,8,1,385,0,0,0,0,0,0,0,0,0,0,0,0,0,0,0,0,0,0,0,0,8938,9323,Furo do Gil
Furo do Gil,Furo Grande,14,1,360,0,0,0,0,0,0,0,0,960,0,0,0,0,0,0,768,2896,0,5064,0,0,10048,Furo do Gil
Furo do Gil,Rio Cearence,7,0,720,0,0,0,0,720,0,0,0,150,0,0,0,0,0,0,2880,2896,1200,3912,0,0,12478,Furo do Gil
Furo do Gil,Tambaqui,5,0,980,0,0,0,6000,0,0,0,0,910,0,0,0,0,0,0,0,0,0,1992,0,0,9882,Furo do Gil
Furo do Gil,Rio Cearence,7,0,1200,0,0,0,6000,375,0,0,75,4000,0,0,0,0,0,0,0,0,1200,3120,0,0,15970,Furo do Gil
Furo do Gil,Rio Cearence,12,0,1756,0,0,0,0,0,0,0,132,2800,0,0,0,0,0,0,800,5792,1200,1800,0,0,14280,Furo do Gil
Furo do Gil,Furo Grande,9,0,200,0,0,0,2000,0,0,0,30,240,0,0,0,0,0,0,800,0,0,4104,0,0,7374,Furo do Gil
Furo do Gil,Tambaqui,8,0,304,0,0,0,3600,4500,0,0,0,0,0,0,0,0,0,0,0,0,0,3192,0,0,11596,Furo do Gil
Furo do Gil,Rio Cearence,6,0,556,0,0,0,0,0,0,0,10,240,0,0,0,0,0,0,1200,0,0,2520,0,0,4526,Furo do Gil
Furo do Gil,Rio Cearence,7,0,1680,0,0,0,3500,0,0,0,0,0,0,0,0,0,0,0,0,5792,0,2664,0,0,13636,Furo do Gil
Furo do Gil,Tambaqui,3,0,1120,0,0,0,0,0,0,0,0,0,0,0,0,0,0,0,0,8688,0,0,0,0,9808,Furo do Gil
Furo do Gil,Cantagalo,8,0,288,0,0,0,0,0,0,0,0,4320,0,0,0,0,0,0,0,2896,1200,1944,0,0,10648,Furo do Gil
Furo do Gil,Rio Cearence,7,0,32,0,0,0,0,0,0,0,20,3600,0,0,0,0,0,0,2400,0,0,0,0,0,6052,Furo do Gil
Furo do Gil,Rio Cearence,17,0,400,0,0,0,0,0,0,0,0,12000,0,0,0,0,0,0,0,2896,2400,5544,0,0,23240,Furo do Gil
Furo do Gil,Cantagalo,4,0,272,0,0,0,0,0,0,0,0,12000,0,0,0,0,0,0,0,0,1200,2160,17376,0,33008,Furo do Gil
Furo do Gil,Furo do Gil,11,0,180,0,0,0,0,0,0,0,50,6000,0,0,0,0,0,0,300,2896,0,1224,17376,0,28026,Furo do Gil
Furo do Gil,Furo Grande,7,0,25,0,0,0,0,0,0,0,0,180,0,0,0,0,0,0,0,0,1200,4128,0,0,5533,Furo do Gil
Furo do Gil,Rio Cearence,7,0,230,0,0,0,0,0,0,0,0,0,0,0,0,0,0,0,0,2896,1200,2760,0,0,7086,Furo do Gil
Furo do Gil,Cantagalo,5,0,200,0,0,0,0,1500,0,0,0,2880,0,0,0,0,0,0,1440,0,1200,2424,0,0,9644,Furo do Gil
Furo do Gil,Furo do Gil,9,0,200,0,0,0,2000,0,0,0,0,200,0,0,0,0,0,0,800,0,0,0,0,0,3200,Furo do Gil
Furo do Gil,Furo Grande,12,0,3260,0,0,0,0,10000,0,0,0,2100,0,0,0,0,0,0,800,0,0,0,0,0,16160,Furo do Gil
Furo do Gil,Furo Grande,7,0,1200,0,0,0,6000,0,0,0,0,4000,0,0,0,0,0,0,0,0,0,0,0,0,11200,Furo do Gil
Furo do Gil,Rio Cearence,5,0,820,0,0,0,12000,0,0,0,0,1120,0,0,0,0,0,0,0,0,0,0,0,4800,18740,Furo do Gil
Furo do Gil,Furo Grande,7,0,720,0,0,0,0,0,0,0,0,240,0,0,0,0,0,0,12480,0,0,0,0,0,13440,Furo do Gil
Furo do Gil,Furo Grande,6,0,736,0,0,0,3000,0,0,0,0,0,0,0,0,0,0,0,876,0,0,0,0,1500,6112,Furo do Gil
Furo do Gil,Santa Rita,6,2,0,0,0,0,3600,1500,0,0,0,0,0,0,0,0,0,0,876,0,1200,0,0,0,7176,Furo do Gil
Furo do Gil,Furo do Gil,2,2,0,0,0,0,0,8400,0,0,0,1440,0,0,0,0,0,0,300,2896,0,0,0,4800,17836,Furo do Gil
Furo do Gil,Cantagalo,6,2,0,0,0,0,0,0,0,0,0,3240,0,0,0,0,0,0,1800,2896,1200,2448,0,0,11584,Furo do Gil
Furo do Gil,Cantagalo,4,2,0,0,0,0,6000,0,0,0,0,1600,0,0,0,0,0,0,0,0,0,1764,0,0,9364,Furo do Gil
Furo do Gil,Rio Cearence,3,2,0,0,0,0,0,0,0,0,0,2400,0,0,0,0,0,0,800,0,0,0,17376,0,20576,Furo do Gil
Furo do Gil,Furo Grande,7,2,0,0,0,0,100,7800,0,0,0,0,0,0,0,0,0,0,900,5792,900,2088,0,0,17580,Furo do Gil
Furo do Gil,Furo Grande,6,2,0,0,0,0,7200,0,0,0,0,0,0,0,0,0,0,0,0,0,0,3000,0,0,10200,Furo do Gil
Furo do Gil,Furo Grande,3,2,0,0,0,0,1200,1440,0,0,0,1500,0,0,0,0,0,0,900,0,0,0,8688,0,13728,Furo do Gil
Furo do Gil,Furo do Gil,6,2,0,0,0,0,0,0,0,0,0,60,0,0,0,0,0,0,240,2896,1200,2604,0,0,7000,Furo do Gil
Furo do Gil,Furo Grande,6,2,0,0,0,0,3600,0,0,0,10,400,0,0,0,0,0,0,1920,2896,1200,3600,0,0,13626,Furo do Gil
Furo do Gil,Rio Cearence,3,2,0,0,0,0,0,0,0,0,0,0,0,0,0,0,0,0,0,0,0,0,17376,0,17376,Furo do Gil
Furo do Gil,Rio Cearence,6,2,0,0,0,0,0,0,0,0,0,0,0,0,0,0,0,0,2880,2896,1200,2604,0,21600,31180,Furo do Gil
Furo do Gil,Furo do Gil,6,2,0,0,0,0,0,4800,0,0,0,1920,0,0,0,0,0,0,0,0,0,840,8688,0,16248,Furo do Gil
Furo do Gil,Furo Grande,9,2,0,0,0,0,6480,0,0,0,0,0,0,0,0,0,0,0,0,0,0,4680,0,0,11160,Furo do Gil
Furo do Gil,Furo Grande,12,2,0,0,0,0,600,0,0,0,0,900,0,0,0,0,0,0,0,0,1200,3000,0,0,5700,Furo do Gil
Furo do Gil,Furo Grande,13,2,0,0,0,0,600,600,0,0,0,0,0,0,0,0,0,0,0,2896,1200,2208,8688,0,16192,Furo do Gil
Furo do Gil,Rio Cearence,4,2,0,0,0,0,0,3600,0,0,0,6000,0,0,0,0,0,0,3600,0,1200,780,0,0,15180,Furo do Gil
Furo do Gil,Cantagalo,4,2,0,0,0,0,7200,7000,0,0,0,0,0,0,0,0,0,0,0,0,0,0,0,0,14200,Furo do Gil
Furo do Gil,Cantagalo,8,2,0,0,0,0,0,18000,0,0,380,6000,0,0,0,0,0,0,900,2896,0,0,8688,0,36864,Furo do Gil
Furo do Gil,Furo do Gil,3,2,0,0,0,0,0,0,0,0,0,1800,0,0,0,0,0,0,0,2896,0,1560,0,0,6256,Furo do Gil
Furo do Gil,Cantagalo,2,2,0,0,0,0,1000,0,0,0,0,6480,0,0,0,0,0,0,0,0,0,0,0,0,7480,Furo do Gil
Furo do Gil,Cantagalo,2,2,0,0,0,0,0,5600,0,0,0,0,0,0,0,0,0,0,0,0,0,0,0,9600,15200,Furo do Gil
Furo do Gil,Furo Grande,7,2,0,0,0,0,0,23088,0,0,0,0,0,0,0,0,0,0,600,2896,1200,3360,17376,0,48520,Furo do Gil
Tomé-Açu,Vila Forquilha,7,1,0,0,0,0,0,0,0,30000,0,8750,0,3500,1500,0,0,0,0,0,0,0,0,22560,66310,Tomé-Açu
Tomé-Açu,Santa Luzia,2,1,0,0,0,0,0,0,0,28000,0,5600,0,10500,0,0,0,0,0,0,0,0,10560,0,54660,Tomé-Açu
Tomé-Açu,Santa Luzia,6,1,0,0,0,0,0,0,0,0,0,1500,8640,0,8000,0,0,0,0,0,0,2880,10560,0,31580,Tomé-Açu
Tomé-Açu,Santa Luzia,5,1,0,0,0,0,0,0,0,243000,0,4950,8400,24000,4000,0,0,0,0,0,0,2760,0,0,287110,Tomé-Açu
Tomé-Açu,Santa Luzia,3,1,0,0,0,0,0,0,0,60000,0,0,0,0,8450,0,0,0,0,0,0,0,0,25000,93450,Tomé-Açu
Tomé-Açu,Santa Luzia,5,1,0,0,0,0,0,0,0,70000,0,2400,5200,2400,3000,0,0,0,0,0,0,0,0,0,83000,Tomé-Açu
Tomé-Açu,,2,1,0,0,0,0,0,0,0,39000,0,0,0,0,500,0,0,0,0,0,0,0,0,0,39500,Tomé-Açu
Tomé-Açu,,3,1,0,0,0,0,0,0,0,280000,0,0,0,4200,500,0,0,0,0,0,0,1680,0,0,286380,Tomé-Açu
Tomé-Açu,,5,1,0,0,0,0,0,0,0,94500,0,0,0,1400,1000,0,0,0,0,0,0,0,0,0,96900,Tomé-Açu
Tomé-Açu,,5,1,0,0,0,0,0,0,0,36400,0,0,0,600,800,0,0,0,0,0,0,0,0,10800,48600,Tomé-Açu
Tomé-Açu,,2,1,0,0,0,0,0,0,0,40500,0,0,0,10000,1180,0,0,0,0,0,0,0,0,0,51680,Tomé-Açu
Tomé-Açu,Santa Luzia,2,1,0,0,0,0,0,0,0,84000,0,9000,0,2100,2000,0,0,0,0,0,0,0,0,0,97100,Tomé-Açu
Tomé-Açu,Santa Luzia,3,1,0,0,0,0,0,0,0,141000,0,0,78000,0,15000,0,0,0,0,0,0,0,20048,0,254048,Tomé-Açu
Tomé-Açu,Santa Luzia,7,1,0,0,0,0,0,0,0,52000,0,0,1500,3900,5000,0,0,0,0,0,0,500,10024,0,72924,Tomé-Açu
Tomé-Açu,Santa Luzia,4,1,0,0,0,0,0,0,0,156000,0,0,20000,19500,9200,0,0,0,0,0,0,0,20048,0,224748,Tomé-Açu
Tomé-Açu,Santa Luzia,4,1,0,0,0,0,0,0,0,46800,0,1800,0,0,0,0,0,0,0,0,0,0,0,0,48600,Tomé-Açu
Tomé-Açu,São José,4,1,0,0,0,0,0,0,0,27000,0,350,0,1925,2000,0,0,0,0,0,0,840,0,0,32115,Tomé-Açu
Tomé-Açu,Santa Luzia,3,0,0,0,0,0,0,0,0,0,0,0,0,0,0,0,0,0,0,0,0,360,0,12000,12360,Tomé-Açu
Tomé-Açu,Santa Luzia,6,0,0,0,0,0,0,0,0,0,0,0,0,0,0,0,0,0,0,0,0,0,10560,3600,14160,Tomé-Açu
Tomé-Açu,Santa Luzia,2,0,0,0,0,0,0,0,0,22500,0,0,0,0,0,0,0,0,0,0,0,0,0,0,22500,Tomé-Açu
Tomé-Açu,Santa Luzia,5,0,0,0,0,0,0,0,0,0,0,0,0,0,0,0,0,0,0,0,0,0,10560,0,10560,Tomé-Açu
Tomé-Açu,Santa Luzia,7,0,0,0,0,0,0,0,0,0,0,0,0,0,0,0,0,0,0,0,0,3162,0,12000,15162,Tomé-Açu
Tomé-Açu,Santa Luzia,1,0,0,0,0,0,0,0,0,45000,0,0,0,0,0,0,0,0,0,0,0,0,0,0,45000,Tomé-Açu
Tomé-Açu,Santa Luzia,3,0,0,0,0,0,0,0,0,90000,0,0,0,2400,720,0,0,0,0,0,0,0,0,0,93120,Tomé-Açu
Tomé-Açu,Santa Luzia,4,0,0,0,0,0,0,0,0,0,0,0,0,0,0,0,0,0,0,0,0,0,0,6000,6000,Tomé-Açu
Tomé-Açu,Santa Luzia,4,0,0,0,0,0,0,0,0,0,0,0,0,0,0,0,0,0,0,0,0,0,10560,0,10560,Tomé-Açu
Tomé-Açu,Santa Luzia,6,0,0,0,0,0,0,0,0,0,0,0,0,0,0,0,0,0,0,0,0,1752,0,5400,7152,Tomé-Açu
Tomé-Açu,Santa Luzia,4,0,0,0,0,0,0,0,0,40000,0,2160,0,2520,0,0,0,0,0,0,0,0,0,0,44680,Tomé-Açu
Tomé-Açu,Bragantina,2,0,0,0,0,0,0,0,0,58500,0,0,0,0,0,0,0,0,0,0,0,0,0,0,58500,Tomé-Açu
Tomé-Açu,Vila Forquilha,5,0,0,0,0,0,0,0,0,180000,0,8000,7800,0,13000,0,0,0,0,0,0,0,0,0,208800,Tomé-Açu
Tomé-Açu,Bragantina,4,0,0,0,0,0,0,0,0,28000,0,450,0,1200,0,0,0,0,0,0,0,1920,0,0,31570,Tomé-Açu
Tomé-Açu,Bragantina,3,0,0,0,0,0,0,0,0,9450,0,7500,0,0,0,0,0,0,0,0,0,0,10024,0,26974,Tomé-Açu
Tomé-Açu,Caninde,6,0,0,0,0,0,0,0,0,87000,0,0,2000,0,14000,0,0,0,0,0,0,0,9456,9456,121912,Tomé-Açu
Tomé-Açu,Santa Luzia,4,0,0,0,0,0,0,0,0,5200,0,0,0,0,0,0,0,0,0,0,0,0,0,18000,23200,Tomé-Açu
Tomé-Açu,Santa Luzia,4,0,0,0,0,0,0,0,0,81000,0,0,0,0,6500,0,0,0,0,0,0,1680,0,0,89180,Tomé-Açu
Tomé-Açu,Santa Luzia,1,0,0,0,0,0,0,0,0,54000,0,0,360,0,5040,0,0,0,0,0,0,2400,0,0,61800,Tomé-Açu
Tomé-Açu,Santa Luzia,3,0,0,0,0,0,0,0,0,290000,0,0,0,700,1800,0,0,0,0,0,0,1344,0,0,293844,Tomé-Açu
Tomé-Açu,Santa Luzia,3,0,0,0,0,0,0,0,0,0,0,0,0,0,0,0,0,0,0,0,0,1404,0,3200,4604,Tomé-Açu
Tomé-Açu,Santa Luzia,1,0,0,0,0,0,0,0,0,64400,0,0,0,825,960,0,0,0,0,0,0,0,0,0,66185,Tomé-Açu
Tomé-Açu,Santa Luzia,3,0,0,0,0,0,0,0,0,46400,0,500,0,6000,300,0,0,0,0,0,0,0,10024,0,63224,Tomé-Açu
Tomé-Açu,Santa Luzia,4,0,0,0,0,0,0,0,0,28350,0,0,0,2150,900,0,0,0,0,0,0,0,10024,1400,42824,Tomé-Açu
Tomé-Açu,Santa Tereza,2,0,0,0,0,0,0,0,0,0,0,0,0,700,0,0,0,0,0,0,0,0,9456,0,10156,Tomé-Açu
Tomé-Açu,Travessa Santana,2,0,0,0,0,0,0,0,0,5600,0,500,0,0,0,0,0,0,0,0,0,0,0,0,6100,Tomé-Açu
Tomé-Açu,Travessa Santana,3,0,0,0,0,0,0,0,0,84000,0,750,0,0,500,0,0,0,0,0,0,0,0,0,85250,Tomé-Açu
Tomé-Açu,Travessa Santana,7,0,0,0,0,0,0,0,0,29700,0,0,0,720,1620,0,0,0,0,0,0,3120,0,0,35160,Tomé-Açu
Tomé-Açu,Travessa Santana,6,0,0,0,0,0,0,0,0,0,0,0,0,0,0,0,0,0,0,0,0,0,20048,0,20048,Tomé-Açu
Tomé-Açu,Travessa Santana,3,0,0,0,0,0,0,0,0,56000,0,0,0,0,0,0,0,0,0,0,0,1344,0,0,57344,Tomé-Açu
Tomé-Açu,,9,0,0,0,0,0,0,0,0,405000,0,0,0,0,4200,0,0,0,0,0,0,0,0,0,409200,Tomé-Açu
Tomé-Açu,,5,0,0,0,0,0,0,0,0,42000,0,0,156,1792,0,0,0,0,0,0,0,0,0,14184,58132,Tomé-Açu
Tomé-Açu,,4,0,0,0,0,0,0,0,0,44800,0,6400,0,0,4800,0,0,0,0,0,0,0,0,0,56000,Tomé-Açu
Igarapé-Miri,Meruú,5,1,0,0,0,0,0,0,0,0,0,35820,0,0,0,0,0,0,0,0,0,0,0,0,35820,Igarapé-Miri
Igarapé-Miri,Meruú,4,1,0,0,0,0,0,0,0,0,0,60000,0,0,0,0,0,0,0,0,0,2040,0,0,62040,Igarapé-Miri
Igarapé-Miri,Meruú,5,1,0,0,0,0,0,0,0,0,0,150000,0,0,0,0,0,0,0,0,0,1848,0,0,151848,Igarapé-Miri
Igarapé-Miri,Meruú,4,1,0,0,0,0,0,0,0,0,0,24750,0,0,0,0,0,0,0,0,0,0,0,0,24750,Igarapé-Miri
Igarapé-Miri,Meruú,4,1,0,0,0,0,0,0,0,0,0,116600,0,0,0,0,0,0,0,0,0,0,21120,0,137720,Igarapé-Miri
Igarapé-Miri,Meruú,4,1,0,0,0,0,0,0,0,0,0,24000,0,0,0,0,0,0,0,0,0,0,21120,0,45120,Igarapé-Miri
Igarapé-Miri,Meruú,7,1,0,0,0,0,0,0,0,0,0,4230,0,0,0,0,0,0,0,0,0,3996,0,9000,17226,Igarapé-Miri
Igarapé-Miri,Meruú,9,1,0,0,0,0,0,0,0,0,0,9600,0,0,0,0,0,0,0,0,0,0,0,0,9600,Igarapé-Miri
Igarapé-Miri,Meruú,6,1,0,0,0,0,0,0,0,0,0,36000,0,0,0,0,0,0,0,0,0,4440,0,0,40440,Igarapé-Miri
Igarapé-Miri,Meruú,5,1,0,0,0,0,0,0,0,0,0,52500,0,0,0,0,0,0,0,0,0,924,0,0,53424,Igarapé-Miri
Igarapé-Miri,Meruú,4,1,0,0,0,0,0,0,0,0,0,19920,0,0,0,0,0,0,0,0,0,0,0,10560,30480,Igarapé-Miri
Igarapé-Miri,Meruú,4,1,0,0,0,0,0,0,0,0,0,38280,0,0,0,0,0,0,0,0,0,1932,0,0,40212,Igarapé-Miri
Igarapé-Miri,Meruú,3,1,0,0,0,0,0,0,0,0,0,54000,0,0,0,0,0,0,0,0,0,0,10560,0,64560,Igarapé-Miri
Igarapé-Miri,Meruú,5,1,0,0,0,0,0,0,0,0,0,27600,0,0,0,0,0,0,0,0,0,840,0,0,28440,Igarapé-Miri
Igarapé-Miri,Meruú,5,1,0,0,0,0,0,0,0,0,0,53340,0,0,0,0,0,0,0,0,0,2160,0,1400,56900,Igarapé-Miri
Igarapé-Miri,Meruú,3,1,0,0,0,0,0,0,0,0,0,83640,0,0,0,0,0,0,0,0,0,840,0,0,84480,Igarapé-Miri
Igarapé-Miri,Meruú,2,0,0,0,0,0,0,0,0,0,0,155000,0,0,0,0,0,0,0,0,0,0,0,0,155000,Igarapé-Miri
Igarapé-Miri,Meruú,7,0,0,0,0,0,0,0,0,0,0,16000,0,0,0,0,0,0,0,0,0,0,21120,0,37120,Igarapé-Miri
Igarapé-Miri,Meruú,3,0,0,0,0,0,0,0,0,0,0,6000,0,0,0,0,0,0,0,0,0,852,0,0,6852,Igarapé-Miri
Igarapé-Miri,Meruú,6,0,0,0,0,0,0,0,0,0,0,108000,0,0,0,0,0,0,0,0,0,1404,0,0,109404,Igarapé-Miri
Igarapé-Miri,Meruú,1,0,0,0,0,0,0,0,0,0,0,52500,0,0,0,0,0,0,0,0,0,0,0,0,52500,Igarapé-Miri
Igarapé-Miri,Meruú,2,0,0,0,0,0,0,0,0,0,0,18000,0,0,0,0,0,0,0,0,0,0,21120,0,39120,Igarapé-Miri
Igarapé-Miri,Meruú,2,0,0,0,0,0,0,0,0,0,0,3600,0,0,0,0,0,0,0,0,0,924,0,0,4524,Igarapé-Miri
Igarapé-Miri,Meruú,5,0,0,0,0,0,0,0,0,0,0,9100,0,0,0,0,0,0,0,0,0,0,0,1500,10600,Igarapé-Miri
Igarapé-Miri,Meruú,4,0,0,0,0,0,0,0,0,0,0,0,0,0,0,0,0,0,0,0,0,0,0,36000,36000,Igarapé-Miri
Igarapé-Miri,Meruú,2,0,0,0,0,0,0,0,0,0,0,10000,0,0,0,0,0,0,0,0,0,0,10560,0,20560,Igarapé-Miri
Igarapé-Miri,Meruú,2,0,0,0,0,0,0,0,0,0,0,5600,0,0,0,0,0,0,0,0,0,0,0,0,5600,Igarapé-Miri
Igarapé-Miri,Meruú,4,0,0,0,0,0,0,0,0,0,0,9000,0,0,0,0,0,0,0,0,0,0,10560,0,19560,Igarapé-Miri
Igarapé-Miri,Meruú,7,0,0,0,0,0,0,0,0,0,0,56800,0,0,0,0,0,0,0,0,0,2160,0,0,58960,Igarapé-Miri
Igarapé-Miri,Meruú,5,0,0,0,0,0,0,0,0,0,0,50886,0,0,0,0,0,0,0,0,0,2184,0,0,53070,Igarapé-Miri
Igarapé-Miri,Meruú,5,0,0,0,0,0,0,0,0,0,0,5440,0,0,0,0,0,0,0,0,0,3432,0,0,8872,Igarapé-Miri
Igarapé-Miri,Meruú,5,0,0,0,0,0,0,0,0,0,0,24640,0,0,0,0,0,0,0,0,0,1440,0,0,26080,Igarapé-Miri
Igarapé-Miri,Meruú,4,0,0,0,0,0,0,0,0,0,0,83200,0,0,0,0,0,0,0,0,0,0,0,0,83200,Igarapé-Miri
Igarapé-Miri,Meruú,4,0,0,0,0,0,0,0,0,0,0,1200,0,0,0,0,0,0,0,0,0,2400,0,12240,15840,Igarapé-Miri
Igarapé-Miri,Meruú,2,0,0,0,0,0,0,0,0,0,0,89040,0,0,0,0,0,0,0,0,0,2640,0,0,91680,Igarapé-Miri
Igarapé-Miri,Meruú,6,0,0,0,0,0,0,0,0,0,0,21960,0,0,0,0,0,0,0,0,0,0,10560,0,32520,Igarapé-Miri
Igarapé-Miri,Meruú,9,0,0,0,0,0,0,0,0,0,0,51600,0,0,0,0,0,0,0,0,0,2832,0,0,54432,Igarapé-Miri
Igarapé-Miri,Meruú,4,0,0,0,0,0,0,0,0,0,0,8520,0,0,0,0,0,0,0,0,0,840,0,36000,45360,Igarapé-Miri
Igarapé-Miri,Meruú,2,0,0,0,0,0,0,0,0,0,0,24600,0,0,0,0,0,0,0,0,0,0,21120,3600,49320,Igarapé-Miri
Igarapé-Miri,Meruú,2,0,0,0,0,0,0,0,0,0,0,11520,0,0,0,0,0,0,0,0,0,1320,0,0,12840,Igarapé-Miri
Igarapé-Miri,Meruú,2,0,0,0,0,0,0,0,0,0,0,42240,0,0,0,0,0,0,0,0,0,0,0,9000,51240,Igarapé-Miri
Igarapé-Miri,Meruú,3,0,0,0,0,0,0,0,0,0,0,39000,0,0,0,0,0,0,0,0,0,0,21120,0,60120,Igarapé-Miri
Igarapé-Miri,Rio Coré,7,0,0,0,0,0,0,0,0,0,0,56700,0,0,0,0,0,0,0,0,0,1800,0,0,58500,Igarapé-Miri
Igarapé-Miri,Rio Coré,3,0,0,0,0,0,0,0,0,0,0,90000,0,0,0,0,0,0,0,0,0,2160,0,36960,129120,Igarapé-Miri
Igarapé-Miri,,5,0,0,0,0,0,0,0,0,0,0,20280,0,0,0,0,0,0,0,0,0,1932,0,0,22212,Igarapé-Miri
Anajás,Cachorro,3,1,14760,2160,12600,0,0,0,0,0,0,22500,0,0,0,0,0,0,0,0,0,0,11440,0,63460,Anajás
Anajás,Cachorro,4,1,3300,1200,2100,0,0,0,0,0,0,7500,0,0,0,0,0,0,0,0,0,1764,0,0,15864,Anajás
Anajás,Cachorro,11,1,11904,1344,10560,8000,5400,0,0,0,0,26400,0,0,0,0,0,0,0,0,1200,6216,0,0,71024,Anajás
Anajás,Cambão,8,1,10144.4,694.4,9450,0,5000,0,0,0,0,22500,0,0,0,0,0,0,0,0,0,4716,0,0,52504.8,Anajás
Anajás,Belo Horizonte,5,1,1428,1428,0,0,0,0,0,0,0,24000,0,0,0,0,0,0,0,0,0,2160,11440,0,40456,Anajás
Anajás,Belo Horizonte,7,1,4860,3600,1260,2400,0,0,0,0,0,26500,0,0,0,0,0,0,0,0,0,4800,0,0,43420,Anajás
Anajás,Rocado do Guajará,6,1,3600,3600,0,4800,0,0,0,0,0,45000,0,0,0,0,0,0,0,0,0,4992,0,0,61992,Anajás
Anajás,Rocado do Guajará,3,1,8328,984,7344,0,0,0,0,0,0,0,0,0,0,0,0,0,0,0,0,1872,0,0,18528,Anajás
Anajás,Beija-Flor,5,1,1440,1440,0,1200,3500,0,0,0,0,23000,0,0,0,0,0,0,0,0,0,2796,0,0,33376,Anajás
Anajás,Santa Cruz,10,1,1920,1920,0,0,0,0,0,0,0,5760,0,0,0,0,0,0,0,3520,0,7440,0,0,20560,Anajás
Anajás,Santa Cruz,3,1,5820,4800,1020,6200,0,0,0,0,0,18000,0,0,0,0,0,0,0,0,0,0,0,0,35840,Anajás
Anajás,Nova Betânia,6,1,7620,4560,3060,2100,0,0,0,0,0,14580,0,0,0,0,0,0,0,0,0,3612,0,0,35532,Anajás
Anajás,Nova Betânia,7,1,2400,0,2400,15000,6000,0,0,0,0,7000,0,0,0,0,0,0,0,0,0,5568,0,0,38368,Anajás
Anajás,Nova Betânia,2,1,5040,0,5040,0,9200,0,0,0,0,7000,0,0,0,0,0,0,0,0,0,3180,0,0,29460,Anajás
Anajás,Nova Betânia,5,1,0,0,0,5800,0,0,0,0,0,14000,0,0,0,0,0,0,0,0,0,1764,0,0,21564,Anajás
Anajás,Vila Mucambo,6,1,336,336,0,3360,0,0,0,0,0,37000,0,0,0,0,0,0,0,0,0,2616,0,0,43648,Anajás
Anajás,Vila Mucambo,8,1,1440,1440,0,0,0,0,0,0,0,0,0,0,0,0,0,0,0,0,1200,1404,11440,0,16924,Anajás
Anajás,Vila Mucambo,6,1,2754,0,2754,950,0,0,0,0,0,27000,0,0,0,0,0,0,0,0,0,2232,0,0,35690,Anajás
Anajás,Merué,9,1,0,0,0,0,6000,0,0,0,0,12600,0,0,0,0,0,0,0,0,0,5628,0,0,24228,Anajás
Anajás,Merué,1,1,3600,1800,1800,2400,6000,0,0,0,0,1500,0,0,0,0,0,0,0,0,0,2880,11440,0,31420,Anajás
Anajás,Merué,7,1,1380,1380,0,0,0,0,0,0,0,16800,0,0,0,0,0,0,0,0,0,6072,0,10560,36192,Anajás
Anajás,Merué,4,1,1920,1920,0,0,1000,0,0,0,0,0,0,0,0,0,0,0,0,0,0,1308,0,0,6148,Anajás
Anajás,Rio Mirundé,5,1,1580,780,800,1500,0,0,0,0,0,7200,0,0,0,0,0,0,0,0,0,6084,0,0,17944,Anajás
Anajás,Rio Mirundé,6,1,3360,3360,0,1600,0,0,0,0,0,1200,0,0,0,0,0,0,0,0,0,6240,0,0,15760,Anajás
Anajás,Rio Mirundé,3,1,0,0,0,0,0,0,0,0,0,500,0,0,0,0,0,0,0,0,0,0,11440,0,11940,Anajás
Anajás,Rio Mirundé,4,1,3150,600,2550,1800,0,0,0,0,0,36000,0,0,0,0,0,0,0,0,0,1416,0,0,45516,Anajás
Anajás,Rio Mirundé,4,1,0,0,0,0,0,0,0,0,0,4800,0,0,0,0,0,0,0,0,0,2160,11440,0,18400,Anajás
Anajás,Mupí,9,1,2280,2280,0,0,3000,0,0,0,0,15840,0,0,0,0,0,0,0,0,0,4200,0,0,27600,Anajás
Anajás,Vila Guajará,4,1,5800,5800,0,5000,0,0,0,0,0,30000,0,0,0,0,0,0,0,0,0,1956,0,0,48556,Anajás
Anajás,Vila Guajará,4,1,0,0,0,3000,0,0,0,0,0,3500,0,0,0,0,0,0,0,0,0,1680,0,3000,11180,Anajás
Anajás,Vila Guajará,5,1,2760,960,1800,7200,0,0,0,0,0,8400,0,0,0,0,0,0,0,0,0,3384,0,0,24504,Anajás
Anajás,Vila Guajará,2,1,5800,2400,3400,0,0,0,0,0,0,30000,0,0,0,0,0,0,0,0,0,0,0,0,41600,Anajás
Anajás,Rio Mapí,1,1,0,0,0,0,8800,0,0,0,0,1656,0,0,0,0,0,0,0,0,1200,1440,0,0,13096,Anajás
Anajás,Rocado do Guajará,8,1,0,0,0,6912,0,0,0,0,0,0,0,0,0,0,0,0,0,0,0,1428,0,0,8340,Anajás
Anajás,Rocado do Guajará,6,1,0,0,0,1344,0,0,0,0,0,3600,0,0,0,0,0,0,0,0,0,2760,0,0,7704,Anajás
Anajás,Taboca,9,1,1000,1000,0,0,0,0,0,0,0,3036,0,0,0,0,0,0,0,3520,0,4560,0,3600,16716,Anajás
Anajás,Rocado do Guajará,8,1,350,350,0,3600,1200,0,0,0,0,4554,0,0,0,0,0,0,0,0,0,3600,0,0,13654,Anajás
Anajás,Taboca,7,1,0,0,0,4032,3600,0,0,0,0,1800,0,0,0,0,0,0,0,0,1200,4896,0,0,15528,Anajás
Anajás,Bunitinha,6,1,0,0,0,3696,0,0,0,0,0,432,0,0,0,0,0,0,0,0,0,2880,0,0,7008,Anajás
Anajás,Bunitinha,4,1,0,0,0,0,0,0,0,0,0,1380,0,0,0,0,0,0,0,0,1200,1560,0,7200,11340,Anajás
Anajás,Bunitinha,3,1,0,0,0,4800,0,0,0,0,0,1200,0,0,0,0,0,0,0,0,0,1800,0,0,7800,Anajás
Anajás,Rocado do Guajará,8,1,0,0,0,5760,0,0,0,0,0,1932,0,0,0,0,0,0,0,0,0,3600,0,0,11292,Anajás
Anajás,Santa Cruz,7,1,0,0,0,0,0,0,0,0,0,3720,0,0,0,0,0,0,0,0,0,2604,0,5760,12084,Anajás
Anajás,Rio Mapí,6,1,0,0,0,16800,0,0,0,0,0,6000,0,0,0,0,0,0,0,0,1200,4080,0,300,28380,Anajás
Anajás,Taboca,2,1,0,0,0,0,0,0,0,0,0,0,0,0,0,0,0,0,0,0,0,0,11440,0,11440,Anajás
Anajás,,4,1,1700,800,900,0,3600,0,0,0,0,0,0,0,0,0,0,0,0,0,0,2580,0,1440,11020,Anajás
Anajás,,3,1,800,800,0,4800,400,0,0,0,0,4320,0,0,0,0,0,0,0,0,0,1776,0,1800,14696,Anajás
Anajás,Rio Mirundé,6,1,0,0,0,0,9000,0,0,0,0,4800,0,0,0,0,0,0,0,0,0,0,0,10560,24360,Anajás
Anajás,Vila Mucambo,4,1,0,0,0,2400,0,0,0,0,0,2880,0,0,0,0,0,0,0,3520,0,0,0,28800,37600,Anajás
Anajás,Vila Mucambo,4,1,0,0,0,0,400,0,0,0,0,32340,0,0,0,0,0,0,0,3520,1200,3720,0,12000,53180,Anajás
Anajás,Vila Mucambo,7,1,0,0,0,0,0,0,0,0,0,0,0,0,0,0,0,0,0,0,0,2268,0,8400,10668,Anajás
Anajás,Nova Betânia,5,1,220,0,220,0,0,0,0,0,0,9000,0,0,0,0,0,0,0,0,0,2640,0,7560,19640,Anajás
Anajás,Nova Betânia,6,1,3400,0,3400,0,0,0,0,0,0,11700,0,0,0,0,0,0,0,0,0,2160,0,10560,31220,Anajás
Anajás,Nova Betânia,10,1,0,0,0,33600,0,0,0,0,0,14400,0,0,0,0,0,0,0,0,0,3024,0,180,51204,Anajás
Anajás,Nova Betânia,4,1,680,0,680,0,0,0,0,0,0,9360,0,0,0,0,0,0,0,0,0,1800,0,10560,23080,Anajás
Anajás,Nova Betânia,2,1,0,0,0,0,5250,0,0,0,0,11400,0,0,0,0,0,0,0,0,0,0,0,0,16650,Anajás
Anajás,,5,1,0,0,0,1500,0,0,0,0,0,1440,0,0,0,0,0,0,0,0,0,3720,0,480,7140,Anajás
Anajás,,4,1,400,400,0,600,2100,0,0,0,0,0,0,0,0,0,0,0,0,0,0,2124,0,3600,9224,Anajás
Anajás,Rio Mirundé,9,1,320,320,0,3000,0,0,0,0,0,840,0,0,0,0,0,0,0,0,0,2544,0,0,7024,Anajás
Anajás,Rio Mirundé,9,1,700,550,150,0,0,0,0,0,0,6048,0,0,0,0,0,0,0,0,0,3600,0,0,11048,Anajás
Anajás,Rio Mirundé,6,1,599,200,399,0,0,0,0,0,0,7200,0,0,0,0,0,0,0,0,0,1728,22880,0,33006,Anajás
Anajás,Rio Mirundé,7,1,340,160,180,360,0,0,0,0,0,2880,0,0,0,0,0,0,0,0,0,5976,0,0,9896,Anajás
Anajás,Recreio,5,1,2426.75,0,2426.75,0,0,0,0,0,0,2100,0,0,0,0,0,0,0,0,1200,1764,0,5670,15587.5,Anajás
Anajás,Recreio,7,1,5643.2,1115.2,4528,3840,0,0,0,0,0,9300,0,0,0,0,0,0,0,0,0,3000,0,0,27426.4,Anajás
Anajás,Recreio,8,1,4200,0,4200,1440,0,0,0,0,0,9000,0,0,0,0,0,0,0,0,0,4080,0,0,22920,Anajás
Anajás,Vila Mucambo,8,1,0,0,0,0,0,0,0,0,0,3700,0,0,0,0,0,0,0,0,0,3108,0,28600,35408,Anajás
Anajás,Recreio,3,1,170,80,90,0,405,0,0,0,0,3000,0,0,0,0,0,0,0,0,1200,1248,0,4500,10693,Anajás
Anajás,Cachorro,7,1,6660,360,6300,4800,7000,0,0,0,0,12000,0,0,0,0,0,0,0,0,0,1764,0,0,38884,Anajás
Anajás,Belo Horizonte,3,1,0,0,0,720,3000,0,0,0,0,300,0,0,0,0,0,0,0,0,0,0,0,16900,20920,Anajás
Anajás,Rocado do Guajará,4,1,1900,200,1700,1440,1560,0,0,0,0,2450,0,0,0,0,0,0,0,0,0,2508,0,3360,15118,Anajás
Anajás,Vila Mucambo,5,1,418,168,250,4320,8880,0,0,0,0,2800,0,0,0,0,0,0,0,0,0,3720,0,4320,24876,Anajás
Anajás,Belo Horizonte,3,1,770.4,270.4,500,5520,20000,0,0,0,0,0,0,0,0,0,0,0,0,0,0,0,0,0,27060.8,Anajás
Anajás,Rocado do Guajará,8,1,325,240,85,0,0,0,0,0,0,1000,0,0,0,0,0,0,0,0,1200,4128,0,600,7578,Anajás
Anajás,Rio Mirundé,10,1,1890,640,1250,1200,200,0,0,0,0,0,0,0,0,0,0,0,0,0,0,5160,0,22880,33220,Anajás
Anajás,São José,9,1,660,252,408,0,3000,0,0,0,0,0,0,0,0,0,0,0,0,3520,0,7032,0,4200,19072,Anajás
Anajás,Rio Mirundé,7,1,2610,1350,1260,0,0,0,0,0,0,1460,0,0,0,0,0,0,0,0,0,1404,22880,0,29504,Anajás
Anajás,Vila Mucambo,9,1,0,0,0,0,0,0,0,0,0,520,0,0,0,0,0,0,0,0,0,1848,11440,11440,25248,Anajás
Anajás,Belo Horizonte,11,1,7020,2820,4200,0,0,0,0,0,0,28000,0,0,0,0,0,0,0,0,0,3600,0,0,45640,Anajás
Anajás,Vila Mucambo,4,1,0,0,0,0,0,0,0,0,0,0,0,0,0,0,0,0,0,0,0,0,0,30000,30000,Anajás
Anajás,Vila Mucambo,4,1,368,368,0,2160,0,0,0,0,0,3200,0,0,0,0,0,0,0,0,0,1680,0,1200,8976,Anajás
Anajás,Cachorro,4,0,1388,288,1100,0,0,0,0,0,0,7200,0,0,0,0,0,0,0,0,1200,3120,0,0,14296,Anajás
Anajás,Belo Horizonte,6,0,7980,4200,3780,0,0,0,0,0,0,18000,0,0,0,0,0,0,0,0,0,4680,0,0,38640,Anajás
Anajás,Belo Horizonte,4,0,0,0,0,0,0,0,0,0,0,0,0,0,0,0,0,0,0,0,0,1800,0,0,1800,Anajás
Anajás,Nova Betânia,9,0,0,0,0,0,0,0,0,0,0,0,0,0,0,0,0,0,0,0,0,0,10560,0,10560,Anajás
Anajás,Nova Betânia,3,0,7500,6500,1000,28000,18000,0,0,0,0,4000,0,0,0,0,0,0,0,0,0,0,0,0,65000,Anajás
Anajás,Nova Betânia,2,0,0,0,0,0,0,0,0,0,0,0,0,0,0,0,0,0,0,0,0,0,7200,0,7200,Anajás
Anajás,Nova Betânia,4,0,0,0,0,2400,0,0,0,0,0,10500,0,0,0,0,0,0,0,0,0,2400,0,0,15300,Anajás
Anajás,Nova Betânia,8,0,850,0,850,15000,0,0,0,0,0,21600,0,0,0,0,0,0,0,0,0,3696,0,0,41996,Anajás
Anajás,Mucambo,7,0,0,0,0,0,0,0,0,0,0,40000,0,0,0,0,0,0,0,0,0,0,0,10560,50560,Anajás
Anajás,Mucambo,5,0,2040,0,2040,0,0,0,0,0,0,21600,0,0,0,0,0,0,0,0,0,0,0,0,25680,Anajás
Anajás,Guajará,2,0,1118,1118,0,0,0,0,0,0,0,0,0,0,0,0,0,0,0,0,0,4800,10560,0,17596,Anajás
Anajás,Mirundé,8,0,0,0,0,0,0,0,0,0,0,13500,0,0,0,0,0,0,0,0,1200,3576,0,0,18276,Anajás
Anajás,Mirundé,4,0,2088,2088,0,0,0,0,0,0,0,0,0,0,0,0,0,0,0,0,0,2112,0,0,6288,Anajás
Anajás,Mirundé,2,0,0,0,0,3000,0,0,0,0,0,0,0,0,0,0,0,0,0,0,0,0,0,0,3000,Anajás
Anajás,Mirundé,4,0,258,258,0,1440,0,0,0,0,0,2880,0,0,0,0,0,0,0,0,0,1992,0,0,6828,Anajás
Anajás,Mirundé,4,0,10800,2400,8400,18000,0,0,0,0,0,0,0,0,0,0,0,0,0,0,0,3600,0,0,43200,Anajás
Anajás,Merué,4,0,14400,0,14400,0,0,0,0,0,0,33600,0,0,0,0,0,0,0,0,0,0,0,0,62400,Anajás
Anajás,Merué,4,0,1608,1200,408,0,0,0,0,0,0,0,0,0,0,0,0,0,0,0,0,2700,0,0,5916,Anajás
Anajás,Vila Guajará,4,0,0,0,0,7200,0,0,0,0,0,7000,0,0,0,0,0,0,0,0,0,0,0,0,14200,Anajás
Anajás,Vila Guajará,4,0,0,0,0,5400,0,0,0,0,0,30000,0,0,0,0,0,0,0,0,0,2328,0,0,37728,Anajás
Anajás,Nova Betânia,9,0,680,0,680,21600,0,0,0,0,0,7560,0,0,0,0,0,0,0,0,0,5688,0,0,36208,Anajás
Anajás,,2,0,0,0,0,0,0,0,0,0,0,11400,0,0,0,0,0,0,0,0,0,1728,0,2400,15528,Anajás
Anajás,Nova Betânia,4,0,200,0,200,0,0,0,0,0,0,11400,0,0,0,0,0,0,0,0,0,0,11440,0,23240,Anajás
Anajás,Nova Betânia,8,0,0,0,0,10368,0,0,0,0,0,3360,0,0,0,0,0,0,0,0,0,0,11440,0,25168,Anajás
Anajás,Nova Betânia,4,0,0,0,0,4147.2,0,0,0,0,0,30000,0,0,0,0,0,0,0,0,0,0,0,0,34147.2,Anajás
Anajás,Vila Mucambo,3,0,1440,1440,0,7200,0,0,0,0,0,8400,0,0,0,0,0,0,0,0,0,1680,0,0,20160,Anajás
Anajás,Rio Mirundé,5,0,200,200,0,12000,600,0,0,0,0,400,0,0,0,0,0,0,0,0,0,0,0,0,13400,Anajás
Anajás,Rio Mirundé,7,0,250,250,0,9600,9000,0,0,0,0,4320,0,0,0,0,0,0,0,0,0,0,11440,0,34860,Anajás
Anajás,Rio Mupí,5,0,40,40,0,0,0,0,0,0,0,6720,0,0,0,0,0,0,0,0,0,0,0,960,7760,Anajás
Anajás,Rio Mirundé,5,0,208,208,0,0,0,0,0,0,0,6336,0,0,0,0,0,0,0,0,0,2220,0,720,9692,Anajás
Anajás,Rio Mirundé,5,0,300,300,0,5760,0,0,0,0,0,5760,0,0,0,0,0,0,0,0,0,1260,0,800,14180,Anajás
Anajás,Rio Mirundé,4,0,480,480,0,0,0,0,0,0,0,0,0,0,0,0,0,0,0,0,0,0,0,12960,13920,Anajás
Anajás,Vila Mucambo,2,0,0,0,0,0,0,0,0,0,0,0,0,0,0,0,0,0,0,0,0,0,22880,0,22880,Anajás
Anajás,Vila Mucambo,7,0,0,0,0,10800,0,0,0,0,0,5280,0,0,0,0,0,0,0,0,0,3600,0,36000,55680,Anajás
Anajás,Vila Mucambo,13,0,0,0,0,24000,0,0,0,0,0,2016,0,0,0,0,0,0,0,0,1200,5448,0,0,32664,Anajás
Anajás,Vila Mucambo,1,0,0,0,0,0,0,0,0,0,0,0,0,0,0,0,0,0,0,0,0,0,11440,0,11440,Anajás
Anajás,Vila Mucambo,7,0,91,91,0,0,0,0,0,0,0,0,0,0,0,0,0,0,0,0,0,4800,0,0,4982,Anajás
Anajás,Vila Mucambo,4,0,0,0,0,4800,23040,0,0,0,0,6000,0,0,0,0,0,0,0,0,0,0,0,0,33840,Anajás
Anajás,Belo Horizonte,7,0,0,0,0,1440,0,0,0,0,0,1560,0,0,0,0,0,0,0,0,0,0,11440,0,14440,Anajás
Anajás,Recreio,10,0,0,0,0,11520,0,0,0,0,0,720,0,0,0,0,0,0,0,0,0,0,11440,4800,28480,Anajás
Anajás,Rio Mirundé,2,0,0,0,0,0,0,0,0,0,0,0,0,0,0,0,0,0,0,0,0,0,0,25000,25000,Anajás
Anajás,Rio Mirundé,4,0,32,0,32,7500,0,0,0,0,0,480,0,0,0,0,0,0,0,0,0,0,0,0,8044,Anajás
Anajás,Rocado do Guajará,4,0,320,320,0,8400,840,0,0,0,0,0,0,0,0,0,0,0,0,0,0,2160,0,0,12040,Anajás
Anajás,São José,7,0,36,36,0,0,2400,0,0,0,0,1800,0,0,0,0,0,0,0,0,0,3672,0,0,7944,Anajás
Anajás,São José,5,0,160,160,0,3600,1040,0,0,0,0,0,0,0,0,0,0,0,0,0,0,1344,0,0,6304,Anajás
Anajás,Santa Cruz,4,0,0,0,0,4200,2400,0,0,0,0,1280,0,0,0,0,0,0,0,0,0,1764,0,0,9644,Anajás
Anajás,Belo Horizonte,9,0,0,0,0,9600,0,0,0,0,0,1950,0,0,0,0,0,0,0,0,0,5160,0,0,16710,Anajás
Anajás,Belo Horizonte,5,0,3560,160,3400,2600,0,0,0,0,0,2800,0,0,0,0,0,0,0,0,0,0,11440,0,23960,Anajás
Anajás,Cachorro,4,0,1530,0,1530,0,0,0,0,0,0,7600,0,0,0,0,0,0,0,0,0,1608,0,0,12268,Anajás
Anajás,Vila Mucambo,5,0,54,54,0,10080,0,0,0,0,0,4240,0,0,0,0,0,0,0,0,0,2088,0,0,16516,Anajás
